timestamp,hour,day_of_week,is_night,temperature,humidity,motion,sound_db,vibration,activity,is_anomaly
2024-01-01 00:00:00,0,0,1,23.5,61.87,0.089,35.55,0.039,Normal,0
2024-01-01 01:00:00,1,0,1,22.97,38.5,0.059,35.56,0.137,Normal,0
2024-01-01 02:00:00,2,0,1,27.02,54.02,0.474,75.03,0.384,Occupied,0
2024-01-01 03:00:00,3,0,1,21.16,49.38,0.152,45.02,0.059,Normal,0
2024-01-01 04:00:00,4,0,1,26.51,55.6,0.909,58.41,0.202,Occupied,0
2024-01-01 05:00:00,5,0,1,21.39,41.45,0.188,45.37,0.029,Normal,0
2024-01-01 06:00:00,6,0,1,23.63,46.56,0.197,35.98,0.149,Normal,0
2024-01-01 07:00:00,7,0,0,26.38,64.42,0.593,49.64,0.35,Occupied,0
2024-01-01 08:00:00,8,0,0,21.89,44.66,0.027,24.88,0.023,Normal,0
2024-01-01 09:00:00,9,0,0,22.36,44.88,0.143,30.6,0.042,Normal,0
2024-01-01 10:00:00,10,0,0,22.79,50.7,0.043,37.81,0.058,Normal,0
2024-01-01 11:00:00,11,0,0,22.24,60.16,0.596,54.21,0.202,Occupied,0
2024-01-01 12:00:00,12,0,0,22.36,46.99,0.192,29.24,0.11,Normal,0
2024-01-01 13:00:00,13,0,0,20.85,55.04,0.012,35.26,0.074,Normal,0
2024-01-01 14:00:00,14,0,0,20.61,57.62,0.054,26.39,0.128,Normal,0
2024-01-01 15:00:00,15,0,0,23.5,50.81,0.144,33.61,0.13,Normal,0
2024-01-01 16:00:00,16,0,0,21.75,56.18,0.2,28.03,0.109,Normal,0
2024-01-01 17:00:00,17,0,0,23.72,69.13,0.996,72.73,0.171,Occupied,0
2024-01-01 18:00:00,18,0,0,19.72,54.9,0.042,36.8,0.131,Normal,0
2024-01-01 19:00:00,19,0,0,21.08,60.07,0.138,43.14,0.057,Normal,0
2024-01-01 20:00:00,20,0,0,21.5,45.5,0.095,38.89,0.126,Normal,0
2024-01-01 21:00:00,21,0,1,22.32,49.63,0.038,48.27,0.137,Normal,0
2024-01-01 22:00:00,22,0,1,26.54,52.8,0.57,65.79,0.17,Occupied,0
2024-01-01 23:00:00,23,0,1,34.22,63.99,0.061,70.24,0.863,Equipment_Fault,1
2024-01-02 00:00:00,0,1,1,20.69,48.17,0.135,29.9,0.017,Normal,0
2024-01-02 01:00:00,1,1,1,21.47,46.48,0.976,87.41,0.749,Intrusion,1
2024-01-02 02:00:00,2,1,1,22.57,57.81,0.044,34.04,0.111,Normal,0
2024-01-02 03:00:00,3,1,1,35.53,23.22,0.114,57.14,0.442,Fire_Risk,1
2024-01-02 04:00:00,4,1,1,22.48,39.44,0.038,42.19,0.022,Normal,0
2024-01-02 05:00:00,5,1,1,20.05,54.17,0.01,35.61,0.042,Normal,0
2024-01-02 06:00:00,6,1,1,23.78,52.78,0.131,32.19,0.094,Normal,0
2024-01-02 07:00:00,7,1,0,19.54,51.71,0.903,68.85,0.433,Intrusion,1
2024-01-02 08:00:00,8,1,0,23.03,43.26,0.787,57.96,0.381,Occupied,0
2024-01-02 09:00:00,9,1,0,22.19,64.52,0.908,71.14,0.193,Occupied,0
2024-01-02 10:00:00,10,1,0,24.48,63.02,0.926,50.79,0.264,Occupied,0
2024-01-02 11:00:00,11,1,0,23.96,51.16,0.079,35.32,0.04,Normal,0
2024-01-02 12:00:00,12,1,0,23.07,70.86,0.529,68.47,0.318,Occupied,0
2024-01-02 13:00:00,13,1,0,23.32,45.17,0.901,65.5,0.19,Occupied,0
2024-01-02 14:00:00,14,1,0,20.53,52.25,0.009,34.88,0.122,Normal,0
2024-01-02 15:00:00,15,1,0,21.67,60.95,0.486,56.78,0.266,Occupied,0
2024-01-02 16:00:00,16,1,0,55.57,20.33,0.015,44.99,0.309,Fire_Risk,1
2024-01-02 17:00:00,17,1,0,23.18,54.37,0.04,29.68,0.064,Normal,0
2024-01-02 18:00:00,18,1,0,24.45,50.24,0.035,37.76,0.123,Normal,0
2024-01-02 19:00:00,19,1,0,22.29,58.78,0.942,58.8,0.203,Occupied,0
2024-01-02 20:00:00,20,1,0,23.74,48.24,0.023,32.84,0.018,Normal,0
2024-01-02 21:00:00,21,1,1,26.04,50.4,0.966,50.76,0.274,Occupied,0
2024-01-02 22:00:00,22,1,1,20.86,48.39,0.721,71.73,0.413,Intrusion,1
2024-01-02 23:00:00,23,1,1,19.95,58.93,0.087,39.12,0.035,Normal,0
2024-01-03 00:00:00,0,2,1,23.21,49.75,0.167,28.49,0.14,Normal,0
2024-01-03 01:00:00,1,2,1,21.25,43.72,0.196,23.34,0.117,Normal,0
2024-01-03 02:00:00,2,2,1,23.86,56.22,0.646,65.05,0.142,Occupied,0
2024-01-03 03:00:00,3,2,1,24.47,43.75,0.008,38.12,0.129,Normal,0
2024-01-03 04:00:00,4,2,1,22.51,49.26,0.025,31.29,0.123,Normal,0
2024-01-03 05:00:00,5,2,1,24.01,51.4,0.195,33.15,0.139,Normal,0
2024-01-03 06:00:00,6,2,1,22.83,53.41,0.093,37.47,0.079,Normal,0
2024-01-03 07:00:00,7,2,0,38.31,61.51,0.098,59.08,0.886,Equipment_Fault,1
2024-01-03 08:00:00,8,2,0,23.6,56.55,0.576,73.12,0.228,Occupied,0
2024-01-03 09:00:00,9,2,0,21.17,39.93,0.167,28.3,0.13,Normal,0
2024-01-03 10:00:00,10,2,0,52.64,24.33,0.239,46.99,0.49,Fire_Risk,1
2024-01-03 11:00:00,11,2,0,22.25,67.72,0.496,72.95,0.197,Occupied,0
2024-01-03 12:00:00,12,2,0,22.54,53.62,0.018,27.88,0.032,Normal,0
2024-01-03 13:00:00,13,2,0,21.97,51.23,0.145,32.15,0.076,Normal,0
2024-01-03 14:00:00,14,2,0,20.43,42.06,0.098,34.58,0.001,Normal,0
2024-01-03 15:00:00,15,2,0,21.88,41.93,0.009,40.88,0.049,Normal,0
2024-01-03 16:00:00,16,2,0,36.98,13.04,0.034,56.39,0.377,Fire_Risk,1
2024-01-03 17:00:00,17,2,0,21.62,48.52,0.142,37.59,0.128,Normal,0
2024-01-03 18:00:00,18,2,0,21.99,40.08,0.14,31.45,0.04,Normal,0
2024-01-03 19:00:00,19,2,0,21.17,59.87,0.193,28.16,0.046,Normal,0
2024-01-03 20:00:00,20,2,0,22.63,46.46,0.163,30.89,0.034,Normal,0
2024-01-03 21:00:00,21,2,1,21.08,44.41,0.198,25.93,0.124,Normal,0
2024-01-03 22:00:00,22,2,1,23.77,42.46,0.076,45.49,0.031,Normal,0
2024-01-03 23:00:00,23,2,1,20.37,57.15,0.142,40.31,0.035,Normal,0
2024-01-04 00:00:00,0,3,1,23.97,44.77,0.063,29.67,0.045,Normal,0
2024-01-04 01:00:00,1,3,1,23.91,55.52,0.176,42.59,0.053,Normal,0
2024-01-04 02:00:00,2,3,1,21.94,47.23,0.144,27.22,0.011,Normal,0
2024-01-04 03:00:00,3,3,1,25.69,66.93,0.718,55.02,0.352,Occupied,0
2024-01-04 04:00:00,4,3,1,34.81,55.87,0.071,68.62,0.783,Equipment_Fault,1
2024-01-04 05:00:00,5,3,1,23.81,43.85,0.179,26.12,0.007,Normal,0
2024-01-04 06:00:00,6,3,1,23.5,51.64,0.163,38.29,0.141,Normal,0
2024-01-04 07:00:00,7,3,0,19.89,57.57,0.154,46.06,0.132,Normal,0
2024-01-04 08:00:00,8,3,0,21.79,57.46,0.105,33.42,0.011,Normal,0
2024-01-04 09:00:00,9,3,0,24.12,57.0,0.964,51.09,0.267,Occupied,0
2024-01-04 10:00:00,10,3,0,24.56,56.81,0.93,70.19,0.284,Occupied,0
2024-01-04 11:00:00,11,3,0,24.28,66.29,0.947,73.62,0.226,Occupied,0
2024-01-04 12:00:00,12,3,0,20.98,57.39,0.117,36.88,0.119,Normal,0
2024-01-04 13:00:00,13,3,0,23.75,52.72,0.509,66.07,0.139,Occupied,0
2024-01-04 14:00:00,14,3,0,24.84,64.99,0.872,73.68,0.184,Occupied,0
2024-01-04 15:00:00,15,3,0,20.47,55.79,0.095,24.75,0.129,Normal,0
2024-01-04 16:00:00,16,3,0,22.49,42.81,0.114,21.48,0.093,Normal,0
2024-01-04 17:00:00,17,3,0,20.71,49.02,0.093,48.46,0.073,Normal,0
2024-01-04 18:00:00,18,3,0,23.24,46.89,0.037,41.63,0.024,Normal,0
2024-01-04 19:00:00,19,3,0,22.87,52.54,0.734,62.02,0.3,Occupied,0
2024-01-04 20:00:00,20,3,0,25.11,66.18,0.87,64.76,0.39,Occupied,0
2024-01-04 21:00:00,21,3,1,22.46,51.18,0.638,66.53,0.162,Occupied,0
2024-01-04 22:00:00,22,3,1,24.95,56.06,0.779,67.79,0.586,Intrusion,1
2024-01-04 23:00:00,23,3,1,20.72,50.06,0.01,43.48,0.005,Normal,0
2024-01-05 00:00:00,0,4,1,20.41,49.02,0.024,40.94,0.134,Normal,0
2024-01-05 01:00:00,1,4,1,37.83,14.75,0.088,44.45,0.183,Fire_Risk,1
2024-01-05 02:00:00,2,4,1,22.08,52.0,0.198,28.29,0.022,Normal,0
2024-01-05 03:00:00,3,4,1,37.5,10.73,0.1,45.34,0.479,Fire_Risk,1
2024-01-05 04:00:00,4,4,1,26.99,48.22,0.585,54.52,0.267,Occupied,0
2024-01-05 05:00:00,5,4,1,43.98,30.23,0.248,51.51,0.109,Fire_Risk,1
2024-01-05 06:00:00,6,4,1,22.82,52.87,0.003,40.12,0.009,Normal,0
2024-01-05 07:00:00,7,4,0,23.76,55.83,0.988,69.01,0.825,Intrusion,1
2024-01-05 08:00:00,8,4,0,26.09,48.84,0.474,54.77,0.246,Occupied,0
2024-01-05 09:00:00,9,4,0,23.7,55.1,0.004,49.56,0.134,Normal,0
2024-01-05 10:00:00,10,4,0,24.04,58.75,0.773,68.72,0.276,Occupied,0
2024-01-05 11:00:00,11,4,0,23.15,49.92,0.137,29.37,0.115,Normal,0
2024-01-05 12:00:00,12,4,0,49.88,13.13,0.108,55.09,0.315,Fire_Risk,1
2024-01-05 13:00:00,13,4,0,23.08,57.64,0.188,35.23,0.101,Normal,0
2024-01-05 14:00:00,14,4,0,19.99,58.76,0.122,25.05,0.072,Normal,0
2024-01-05 15:00:00,15,4,0,22.51,55.47,0.089,44.88,0.005,Normal,0
2024-01-05 16:00:00,16,4,0,23.87,56.91,0.197,30.3,0.074,Normal,0
2024-01-05 17:00:00,17,4,0,35.59,26.48,0.057,48.55,0.18,Fire_Risk,1
2024-01-05 18:00:00,18,4,0,21.02,43.84,0.109,33.96,0.005,Normal,0
2024-01-05 19:00:00,19,4,0,22.72,49.91,0.155,30.16,0.013,Normal,0
2024-01-05 20:00:00,20,4,0,39.8,56.37,0.09,66.03,0.883,Equipment_Fault,1
2024-01-05 21:00:00,21,4,1,26.65,63.11,0.616,62.14,0.126,Occupied,0
2024-01-05 22:00:00,22,4,1,25.15,52.95,0.545,54.1,0.363,Occupied,0
2024-01-05 23:00:00,23,4,1,38.45,15.67,0.099,44.58,0.411,Fire_Risk,1
2024-01-06 00:00:00,0,5,1,22.53,55.66,0.89,90.42,0.476,Intrusion,1
2024-01-06 01:00:00,1,5,1,34.43,60.89,0.039,68.64,0.864,Equipment_Fault,1
2024-01-06 02:00:00,2,5,1,21.91,39.78,0.093,40.21,0.142,Normal,0
2024-01-06 03:00:00,3,5,1,53.57,20.67,0.291,54.18,0.443,Fire_Risk,1
2024-01-06 04:00:00,4,5,1,22.2,65.27,0.734,58.19,0.308,Occupied,0
2024-01-06 05:00:00,5,5,1,24.16,41.57,0.151,32.14,0.142,Normal,0
2024-01-06 06:00:00,6,5,1,23.35,48.62,0.812,61.01,0.563,Intrusion,1
2024-01-06 07:00:00,7,5,0,24.93,53.57,0.589,67.11,0.264,Occupied,0
2024-01-06 08:00:00,8,5,0,21.77,40.26,0.044,38.87,0.036,Normal,0
2024-01-06 09:00:00,9,5,0,21.21,38.58,0.193,28.84,0.032,Normal,0
2024-01-06 10:00:00,10,5,0,39.86,26.88,0.219,55.54,0.315,Fire_Risk,1
2024-01-06 11:00:00,11,5,0,22.57,58.81,0.099,35.85,0.146,Normal,0
2024-01-06 12:00:00,12,5,0,20.72,46.86,0.126,40.57,0.039,Normal,0
2024-01-06 13:00:00,13,5,0,22.17,49.39,0.084,44.25,0.118,Normal,0
2024-01-06 14:00:00,14,5,0,26.4,56.1,0.944,60.99,0.15,Occupied,0
2024-01-06 15:00:00,15,5,0,24.54,46.55,0.738,65.56,0.119,Occupied,0
2024-01-06 16:00:00,16,5,0,21.42,54.16,0.104,41.1,0.093,Normal,0
2024-01-06 17:00:00,17,5,0,22.97,59.84,0.065,39.37,0.087,Normal,0
2024-01-06 18:00:00,18,5,0,21.86,55.08,0.038,34.5,0.021,Normal,0
2024-01-06 19:00:00,19,5,0,23.08,51.82,0.137,28.52,0.015,Normal,0
2024-01-06 20:00:00,20,5,0,21.3,52.55,0.096,30.57,0.143,Normal,0
2024-01-06 21:00:00,21,5,1,20.9,48.02,0.162,35.91,0.04,Normal,0
2024-01-06 22:00:00,22,5,1,26.91,67.56,0.462,67.69,0.374,Occupied,0
2024-01-06 23:00:00,23,5,1,22.12,43.43,0.151,34.16,0.031,Normal,0
2024-01-07 00:00:00,0,6,1,22.65,42.95,0.159,29.34,0.017,Normal,0
2024-01-07 01:00:00,1,6,1,22.12,57.3,0.143,43.82,0.005,Normal,0
2024-01-07 02:00:00,2,6,1,21.87,47.05,0.034,40.76,0.061,Normal,0
2024-01-07 03:00:00,3,6,1,26.58,63.36,0.704,65.87,0.246,Occupied,0
2024-01-07 04:00:00,4,6,1,36.19,20.75,0.182,47.24,0.103,Fire_Risk,1
2024-01-07 05:00:00,5,6,1,21.7,65.49,0.836,82.13,0.846,Intrusion,1
2024-01-07 06:00:00,6,6,1,21.76,47.21,0.962,89.94,0.606,Intrusion,1
2024-01-07 07:00:00,7,6,0,57.37,27.22,0.215,56.35,0.413,Fire_Risk,1
2024-01-07 08:00:00,8,6,0,31.14,60.59,0.005,75.07,0.622,Equipment_Fault,1
2024-01-07 09:00:00,9,6,0,22.53,48.2,0.18,27.05,0.009,Normal,0
2024-01-07 10:00:00,10,6,0,22.66,51.92,0.066,28.76,0.105,Normal,0
2024-01-07 11:00:00,11,6,0,22.86,54.12,0.673,59.56,0.165,Occupied,0
2024-01-07 12:00:00,12,6,0,24.12,43.76,0.914,64.68,0.218,Occupied,0
2024-01-07 13:00:00,13,6,0,22.66,56.76,0.681,63.36,0.297,Occupied,0
2024-01-07 14:00:00,14,6,0,19.65,56.54,0.065,45.51,0.086,Normal,0
2024-01-07 15:00:00,15,6,0,23.28,50.47,0.07,41.7,0.11,Normal,0
2024-01-07 16:00:00,16,6,0,23.96,41.59,0.087,38.66,0.09,Normal,0
2024-01-07 17:00:00,17,6,0,56.49,26.57,0.265,58.28,0.213,Fire_Risk,1
2024-01-07 18:00:00,18,6,0,22.12,40.61,0.16,25.24,0.077,Normal,0
2024-01-07 19:00:00,19,6,0,52.53,24.26,0.054,60.63,0.338,Fire_Risk,1
2024-01-07 20:00:00,20,6,0,25.41,56.46,0.932,72.67,0.138,Occupied,0
2024-01-07 21:00:00,21,6,1,26.43,44.82,0.651,70.12,0.216,Occupied,0
2024-01-07 22:00:00,22,6,1,22.16,57.43,0.013,38.01,0.036,Normal,0
2024-01-07 23:00:00,23,6,1,22.03,51.95,0.056,28.11,0.037,Normal,0
2024-01-08 00:00:00,0,0,1,21.62,56.58,0.18,42.11,0.072,Normal,0
2024-01-08 01:00:00,1,0,1,24.29,67.36,0.716,68.59,0.305,Occupied,0
2024-01-08 02:00:00,2,0,1,47.27,27.03,0.027,49.73,0.106,Fire_Risk,1
2024-01-08 03:00:00,3,0,1,22.29,54.8,0.169,39.42,0.127,Normal,0
2024-01-08 04:00:00,4,0,1,19.56,52.96,0.159,42.27,0.073,Normal,0
2024-01-08 05:00:00,5,0,1,22.7,54.06,0.073,29.6,0.102,Normal,0
2024-01-08 06:00:00,6,0,1,22.61,55.39,0.002,37.49,0.074,Normal,0
2024-01-08 07:00:00,7,0,0,21.16,43.95,0.026,22.18,0.009,Normal,0
2024-01-08 08:00:00,8,0,0,22.82,43.15,0.018,34.83,0.085,Normal,0
2024-01-08 09:00:00,9,0,0,23.46,48.62,0.111,43.67,0.046,Normal,0
2024-01-08 10:00:00,10,0,0,33.53,46.27,0.008,71.24,0.963,Equipment_Fault,1
2024-01-08 11:00:00,11,0,0,22.51,60.43,0.043,31.13,0.095,Normal,0
2024-01-08 12:00:00,12,0,0,25.1,50.31,0.064,39.14,0.005,Normal,0
2024-01-08 13:00:00,13,0,0,20.53,54.99,0.066,41.57,0.087,Normal,0
2024-01-08 14:00:00,14,0,0,20.89,45.56,0.04,31.37,0.118,Normal,0
2024-01-08 15:00:00,15,0,0,21.77,46.18,0.693,70.76,0.294,Occupied,0
2024-01-08 16:00:00,16,0,0,23.24,64.53,0.419,72.7,0.339,Occupied,0
2024-01-08 17:00:00,17,0,0,28.15,45.46,0.004,68.35,0.725,Equipment_Fault,1
2024-01-08 18:00:00,18,0,0,23.72,47.97,0.939,84.95,0.601,Intrusion,1
2024-01-08 19:00:00,19,0,0,21.7,48.68,0.098,30.38,0.142,Normal,0
2024-01-08 20:00:00,20,0,0,21.9,40.75,0.816,87.03,0.374,Intrusion,1
2024-01-08 21:00:00,21,0,1,23.27,52.71,0.095,39.28,0.14,Normal,0
2024-01-08 22:00:00,22,0,1,23.83,48.45,0.049,43.45,0.018,Normal,0
2024-01-08 23:00:00,23,0,1,21.98,40.19,0.023,27.74,0.037,Normal,0
2024-01-09 00:00:00,0,1,1,23.33,49.94,0.714,61.56,0.124,Occupied,0
2024-01-09 01:00:00,1,1,1,36.15,55.09,0.072,57.61,0.896,Equipment_Fault,1
2024-01-09 02:00:00,2,1,1,24.19,58.01,0.148,29.61,0.052,Normal,0
2024-01-09 03:00:00,3,1,1,20.1,43.87,0.757,57.99,0.315,Intrusion,1
2024-01-09 04:00:00,4,1,1,21.33,51.21,0.045,43.2,0.128,Normal,0
2024-01-09 05:00:00,5,1,1,47.84,17.3,0.199,43.35,0.452,Fire_Risk,1
2024-01-09 06:00:00,6,1,1,21.57,52.78,0.098,25.95,0.078,Normal,0
2024-01-09 07:00:00,7,1,0,22.35,55.74,0.058,40.77,0.01,Normal,0
2024-01-09 08:00:00,8,1,0,26.86,56.04,0.904,67.85,0.297,Occupied,0
2024-01-09 09:00:00,9,1,0,22.86,57.98,0.404,76.95,0.321,Occupied,0
2024-01-09 10:00:00,10,1,0,26.26,58.1,0.556,59.15,0.235,Occupied,0
2024-01-09 11:00:00,11,1,0,23.23,57.22,0.196,43.27,0.033,Normal,0
2024-01-09 12:00:00,12,1,0,25.85,59.44,0.69,57.54,0.229,Occupied,0
2024-01-09 13:00:00,13,1,0,21.38,50.71,0.011,27.04,0.101,Normal,0
2024-01-09 14:00:00,14,1,0,21.44,42.62,0.17,36.6,0.057,Normal,0
2024-01-09 15:00:00,15,1,0,19.56,39.75,0.862,80.66,0.754,Intrusion,1
2024-01-09 16:00:00,16,1,0,19.31,47.69,0.738,77.05,0.537,Intrusion,1
2024-01-09 17:00:00,17,1,0,25.01,58.13,0.893,50.94,0.134,Occupied,0
2024-01-09 18:00:00,18,1,0,21.95,48.26,0.022,42.29,0.042,Normal,0
2024-01-09 19:00:00,19,1,0,21.15,56.84,0.064,33.39,0.125,Normal,0
2024-01-09 20:00:00,20,1,0,24.78,64.3,0.465,65.05,0.251,Occupied,0
2024-01-09 21:00:00,21,1,1,23.82,55.33,0.744,60.42,0.195,Occupied,0
2024-01-09 22:00:00,22,1,1,33.72,68.23,0.069,80.31,0.717,Equipment_Fault,1
2024-01-09 23:00:00,23,1,1,22.11,41.35,0.006,31.1,0.086,Normal,0
2024-01-10 00:00:00,0,2,1,22.4,50.69,0.106,26.67,0.008,Normal,0
2024-01-10 01:00:00,1,2,1,21.89,39.39,0.026,42.0,0.021,Normal,0
2024-01-10 02:00:00,2,2,1,23.08,47.61,0.091,26.19,0.114,Normal,0
2024-01-10 03:00:00,3,2,1,24.11,50.62,0.189,38.84,0.075,Normal,0
2024-01-10 04:00:00,4,2,1,22.38,51.66,0.497,49.6,0.344,Occupied,0
2024-01-10 05:00:00,5,2,1,23.48,57.71,0.047,31.56,0.002,Normal,0
2024-01-10 06:00:00,6,2,1,26.25,56.82,0.948,65.6,0.224,Occupied,0
2024-01-10 07:00:00,7,2,0,23.6,52.97,0.851,62.83,0.386,Occupied,0
2024-01-10 08:00:00,8,2,0,20.73,39.16,0.084,29.43,0.042,Normal,0
2024-01-10 09:00:00,9,2,0,22.31,54.2,0.122,29.83,0.059,Normal,0
2024-01-10 10:00:00,10,2,0,23.2,43.39,0.114,34.67,0.147,Normal,0
2024-01-10 11:00:00,11,2,0,36.76,24.5,0.276,60.76,0.348,Fire_Risk,1
2024-01-10 12:00:00,12,2,0,26.32,44.1,0.871,51.34,0.338,Occupied,0
2024-01-10 13:00:00,13,2,0,22.44,56.41,0.195,34.34,0.113,Normal,0
2024-01-10 14:00:00,14,2,0,25.19,45.73,0.646,66.26,0.302,Occupied,0
2024-01-10 15:00:00,15,2,0,24.19,50.08,0.856,71.01,0.371,Occupied,0
2024-01-10 16:00:00,16,2,0,25.43,60.46,0.66,71.18,0.109,Occupied,0
2024-01-10 17:00:00,17,2,0,47.84,20.99,0.076,58.18,0.298,Fire_Risk,1
2024-01-10 18:00:00,18,2,0,26.03,45.82,0.68,59.19,0.191,Occupied,0
2024-01-10 19:00:00,19,2,0,25.75,55.27,0.551,55.62,0.301,Occupied,0
2024-01-10 20:00:00,20,2,0,23.18,46.38,0.766,57.02,0.394,Occupied,0
2024-01-10 21:00:00,21,2,1,20.74,52.23,0.039,43.94,0.107,Normal,0
2024-01-10 22:00:00,22,2,1,23.76,48.41,0.051,35.38,0.129,Normal,0
2024-01-10 23:00:00,23,2,1,21.27,40.14,0.035,27.81,0.094,Normal,0
2024-01-11 00:00:00,0,3,1,23.21,51.55,0.116,38.28,0.11,Normal,0
2024-01-11 01:00:00,1,3,1,24.76,69.47,0.51,57.14,0.396,Occupied,0
2024-01-11 02:00:00,2,3,1,22.78,56.24,0.146,35.52,0.014,Normal,0
2024-01-11 03:00:00,3,3,1,24.41,66.33,0.508,61.49,0.249,Occupied,0
2024-01-11 04:00:00,4,3,1,26.22,62.32,0.437,52.45,0.201,Occupied,0
2024-01-11 05:00:00,5,3,1,20.8,55.7,0.164,38.14,0.117,Normal,0
2024-01-11 06:00:00,6,3,1,21.55,50.94,0.046,39.26,0.052,Normal,0
2024-01-11 07:00:00,7,3,0,20.78,44.51,0.012,33.89,0.088,Normal,0
2024-01-11 08:00:00,8,3,0,23.26,43.55,0.134,30.52,0.045,Normal,0
2024-01-11 09:00:00,9,3,0,20.28,42.71,0.037,42.78,0.136,Normal,0
2024-01-11 10:00:00,10,3,0,21.83,54.89,0.102,32.93,0.044,Normal,0
2024-01-11 11:00:00,11,3,0,21.99,52.95,0.078,31.63,0.038,Normal,0
2024-01-11 12:00:00,12,3,0,21.01,50.13,0.104,30.37,0.117,Normal,0
2024-01-11 13:00:00,13,3,0,21.59,55.45,0.152,44.16,0.117,Normal,0
2024-01-11 14:00:00,14,3,0,50.22,33.61,0.134,54.05,0.223,Fire_Risk,1
2024-01-11 15:00:00,15,3,0,22.04,52.66,0.177,31.58,0.078,Normal,0
2024-01-11 16:00:00,16,3,0,22.84,47.14,0.049,24.24,0.065,Normal,0
2024-01-11 17:00:00,17,3,0,23.32,45.73,0.659,61.37,0.27,Occupied,0
2024-01-11 18:00:00,18,3,0,22.75,43.04,0.061,37.44,0.123,Normal,0
2024-01-11 19:00:00,19,3,0,23.16,53.62,0.046,40.34,0.119,Normal,0
2024-01-11 20:00:00,20,3,0,23.28,51.83,0.04,42.89,0.098,Normal,0
2024-01-11 21:00:00,21,3,1,24.07,69.94,0.595,72.8,0.154,Occupied,0
2024-01-11 22:00:00,22,3,1,22.43,48.31,0.123,43.08,0.117,Normal,0
2024-01-11 23:00:00,23,3,1,24.58,62.48,0.55,55.14,0.301,Occupied,0
2024-01-12 00:00:00,0,4,1,36.63,58.27,0.062,68.7,0.821,Equipment_Fault,1
2024-01-12 01:00:00,1,4,1,22.84,51.97,0.705,70.02,0.68,Intrusion,1
2024-01-12 02:00:00,2,4,1,23.25,53.85,0.139,38.2,0.004,Normal,0
2024-01-12 03:00:00,3,4,1,22.82,46.03,0.704,82.34,0.711,Intrusion,1
2024-01-12 04:00:00,4,4,1,24.43,44.27,0.131,28.44,0.093,Normal,0
2024-01-12 05:00:00,5,4,1,23.08,59.38,0.057,33.67,0.049,Normal,0
2024-01-12 06:00:00,6,4,1,19.31,57.24,0.938,62.29,0.714,Intrusion,1
2024-01-12 07:00:00,7,4,0,22.88,57.34,0.661,47.23,0.19,Occupied,0
2024-01-12 08:00:00,8,4,0,20.48,54.6,0.167,41.9,0.138,Normal,0
2024-01-12 09:00:00,9,4,0,24.97,46.3,0.127,46.01,0.025,Normal,0
2024-01-12 10:00:00,10,4,0,23.75,64.72,0.66,65.9,0.232,Occupied,0
2024-01-12 11:00:00,11,4,0,22.67,51.72,0.049,39.28,0.111,Normal,0
2024-01-12 12:00:00,12,4,0,22.82,52.74,0.037,42.89,0.022,Normal,0
2024-01-12 13:00:00,13,4,0,21.07,42.85,0.09,28.88,0.11,Normal,0
2024-01-12 14:00:00,14,4,0,57.69,17.83,0.154,49.88,0.42,Fire_Risk,1
2024-01-12 15:00:00,15,4,0,21.05,57.53,0.785,89.41,0.443,Intrusion,1
2024-01-12 16:00:00,16,4,0,26.5,65.8,0.735,60.03,0.111,Occupied,0
2024-01-12 17:00:00,17,4,0,26.33,59.37,0.633,63.57,0.336,Occupied,0
2024-01-12 18:00:00,18,4,0,19.85,58.51,0.069,26.08,0.05,Normal,0
2024-01-12 19:00:00,19,4,0,26.52,69.52,0.435,52.61,0.391,Occupied,0
2024-01-12 20:00:00,20,4,0,40.22,43.41,0.054,69.31,0.773,Equipment_Fault,1
2024-01-12 21:00:00,21,4,1,48.75,13.08,0.124,48.24,0.168,Fire_Risk,1
2024-01-12 22:00:00,22,4,1,21.91,40.37,0.129,27.54,0.128,Normal,0
2024-01-12 23:00:00,23,4,1,23.85,47.01,0.538,72.37,0.173,Occupied,0
2024-01-13 00:00:00,0,5,1,19.8,54.42,0.124,46.76,0.071,Normal,0
2024-01-13 01:00:00,1,5,1,43.97,26.52,0.244,48.28,0.459,Fire_Risk,1
2024-01-13 02:00:00,2,5,1,31.96,61.67,0.096,64.26,0.904,Equipment_Fault,1
2024-01-13 03:00:00,3,5,1,23.79,49.72,0.008,43.02,0.039,Normal,0
2024-01-13 04:00:00,4,5,1,23.61,45.14,0.167,33.37,0.113,Normal,0
2024-01-13 05:00:00,5,5,1,22.86,56.79,0.11,34.09,0.011,Normal,0
2024-01-13 06:00:00,6,5,1,19.96,45.74,0.028,24.63,0.129,Normal,0
2024-01-13 07:00:00,7,5,0,20.84,59.72,0.162,42.99,0.079,Normal,0
2024-01-13 08:00:00,8,5,0,23.5,48.92,0.002,34.67,0.017,Normal,0
2024-01-13 09:00:00,9,5,0,23.62,61.1,0.74,63.91,0.412,Intrusion,1
2024-01-13 10:00:00,10,5,0,22.19,57.94,0.194,33.25,0.111,Normal,0
2024-01-13 11:00:00,11,5,0,23.56,51.83,0.019,42.34,0.09,Normal,0
2024-01-13 12:00:00,12,5,0,26.34,62.97,0.419,68.45,0.323,Occupied,0
2024-01-13 13:00:00,13,5,0,19.69,57.86,0.059,42.98,0.073,Normal,0
2024-01-13 14:00:00,14,5,0,35.02,23.6,0.147,46.85,0.309,Fire_Risk,1
2024-01-13 15:00:00,15,5,0,22.95,69.82,0.829,62.98,0.275,Occupied,0
2024-01-13 16:00:00,16,5,0,20.47,46.19,0.902,86.38,0.457,Intrusion,1
2024-01-13 17:00:00,17,5,0,21.81,41.75,0.004,33.6,0.028,Normal,0
2024-01-13 18:00:00,18,5,0,25.06,53.07,0.435,53.77,0.283,Occupied,0
2024-01-13 19:00:00,19,5,0,20.98,39.11,0.029,31.05,0.119,Normal,0
2024-01-13 20:00:00,20,5,0,21.07,48.52,0.141,24.21,0.125,Normal,0
2024-01-13 21:00:00,21,5,1,21.16,54.1,0.183,24.03,0.035,Normal,0
2024-01-13 22:00:00,22,5,1,22.58,42.44,0.085,25.96,0.104,Normal,0
2024-01-13 23:00:00,23,5,1,42.29,22.9,0.241,60.93,0.462,Fire_Risk,1
2024-01-14 00:00:00,0,6,1,23.38,43.47,0.14,25.13,0.019,Normal,0
2024-01-14 01:00:00,1,6,1,23.6,54.83,0.012,28.31,0.095,Normal,0
2024-01-14 02:00:00,2,6,1,19.95,53.11,0.103,31.55,0.097,Normal,0
2024-01-14 03:00:00,3,6,1,25.78,66.04,0.774,70.46,0.203,Occupied,0
2024-01-14 04:00:00,4,6,1,21.25,51.4,0.078,33.12,0.142,Normal,0
2024-01-14 05:00:00,5,6,1,31.07,50.68,0.044,69.97,0.859,Equipment_Fault,1
2024-01-14 06:00:00,6,6,1,20.65,42.7,0.869,88.08,0.523,Intrusion,1
2024-01-14 07:00:00,7,6,0,23.09,48.43,0.165,40.22,0.031,Normal,0
2024-01-14 08:00:00,8,6,0,33.4,41.35,0.031,77.67,0.893,Equipment_Fault,1
2024-01-14 09:00:00,9,6,0,22.11,56.34,0.133,30.1,0.049,Normal,0
2024-01-14 10:00:00,10,6,0,21.2,46.46,0.074,31.61,0.077,Normal,0
2024-01-14 11:00:00,11,6,0,23.49,44.22,0.076,32.77,0.053,Normal,0
2024-01-14 12:00:00,12,6,0,22.02,57.84,0.165,34.68,0.134,Normal,0
2024-01-14 13:00:00,13,6,0,23.01,47.44,0.023,33.6,0.047,Normal,0
2024-01-14 14:00:00,14,6,0,21.16,45.0,0.001,41.3,0.078,Normal,0
2024-01-14 15:00:00,15,6,0,23.91,49.67,0.714,54.01,0.317,Occupied,0
2024-01-14 16:00:00,16,6,0,23.21,45.75,0.096,31.38,0.044,Normal,0
2024-01-14 17:00:00,17,6,0,21.37,51.27,0.071,44.5,0.028,Normal,0
2024-01-14 18:00:00,18,6,0,22.83,49.82,0.045,39.59,0.135,Normal,0
2024-01-14 19:00:00,19,6,0,24.76,53.75,0.113,39.88,0.006,Normal,0
2024-01-14 20:00:00,20,6,0,50.72,32.42,0.007,52.41,0.251,Fire_Risk,1
2024-01-14 21:00:00,21,6,1,20.01,44.06,0.146,32.74,0.079,Normal,0
2024-01-14 22:00:00,22,6,1,23.44,38.81,0.875,71.48,0.48,Intrusion,1
2024-01-14 23:00:00,23,6,1,46.69,18.94,0.114,44.98,0.299,Fire_Risk,1
2024-01-15 00:00:00,0,0,1,21.47,52.37,0.079,28.19,0.111,Normal,0
2024-01-15 01:00:00,1,0,1,21.94,42.06,0.188,37.08,0.01,Normal,0
2024-01-15 02:00:00,2,0,1,22.5,40.32,0.076,37.42,0.109,Normal,0
2024-01-15 03:00:00,3,0,1,22.25,43.33,0.062,35.87,0.017,Normal,0
2024-01-15 04:00:00,4,0,1,22.51,58.04,0.816,65.81,0.396,Occupied,0
2024-01-15 05:00:00,5,0,1,21.96,55.92,0.146,41.27,0.02,Normal,0
2024-01-15 06:00:00,6,0,1,36.56,51.96,0.063,76.53,0.988,Equipment_Fault,1
2024-01-15 07:00:00,7,0,0,21.84,59.41,0.027,28.34,0.026,Normal,0
2024-01-15 08:00:00,8,0,0,23.56,64.31,0.453,53.52,0.267,Occupied,0
2024-01-15 09:00:00,9,0,0,19.66,55.31,0.763,91.45,0.535,Intrusion,1
2024-01-15 10:00:00,10,0,0,24.47,64.16,0.856,53.88,0.312,Occupied,0
2024-01-15 11:00:00,11,0,0,22.65,49.52,0.051,29.87,0.077,Normal,0
2024-01-15 12:00:00,12,0,0,22.28,42.29,0.081,28.75,0.078,Normal,0
2024-01-15 13:00:00,13,0,0,26.11,61.12,0.668,57.24,0.139,Occupied,0
2024-01-15 14:00:00,14,0,0,25.99,50.97,0.57,59.34,0.223,Occupied,0
2024-01-15 15:00:00,15,0,0,23.47,46.47,0.195,45.09,0.086,Normal,0
2024-01-15 16:00:00,16,0,0,22.31,56.86,0.022,31.12,0.095,Normal,0
2024-01-15 17:00:00,17,0,0,22.06,48.05,0.128,40.98,0.1,Normal,0
2024-01-15 18:00:00,18,0,0,26.05,55.2,0.703,53.73,0.242,Occupied,0
2024-01-15 19:00:00,19,0,0,20.22,50.68,0.084,39.05,0.091,Normal,0
2024-01-15 20:00:00,20,0,0,22.68,49.93,0.084,25.71,0.033,Normal,0
2024-01-15 21:00:00,21,0,1,26.47,54.15,0.769,53.74,0.194,Occupied,0
2024-01-15 22:00:00,22,0,1,22.75,50.53,0.107,31.9,0.082,Normal,0
2024-01-15 23:00:00,23,0,1,20.45,48.18,0.19,39.18,0.004,Normal,0
2024-01-16 00:00:00,0,1,1,49.3,32.09,0.068,43.38,0.251,Fire_Risk,1
2024-01-16 01:00:00,1,1,1,25.69,57.83,0.828,70.98,0.366,Occupied,0
2024-01-16 02:00:00,2,1,1,25.94,57.38,0.78,64.25,0.119,Occupied,0
2024-01-16 03:00:00,3,1,1,23.26,42.5,0.186,40.77,0.071,Normal,0
2024-01-16 04:00:00,4,1,1,22.17,53.81,0.033,30.91,0.049,Normal,0
2024-01-16 05:00:00,5,1,1,40.09,23.82,0.195,43.21,0.265,Fire_Risk,1
2024-01-16 06:00:00,6,1,1,21.75,54.2,0.194,40.65,0.117,Normal,0
2024-01-16 07:00:00,7,1,0,23.54,60.84,0.191,28.55,0.072,Normal,0
2024-01-16 08:00:00,8,1,0,24.21,41.97,0.003,37.72,0.131,Normal,0
2024-01-16 09:00:00,9,1,0,20.21,41.35,0.044,41.96,0.134,Normal,0
2024-01-16 10:00:00,10,1,0,20.68,40.58,0.162,34.7,0.074,Normal,0
2024-01-16 11:00:00,11,1,0,21.13,40.44,0.19,28.36,0.1,Normal,0
2024-01-16 12:00:00,12,1,0,23.95,54.93,0.951,47.42,0.275,Occupied,0
2024-01-16 13:00:00,13,1,0,24.39,52.91,0.686,61.63,0.112,Occupied,0
2024-01-16 14:00:00,14,1,0,26.93,47.63,0.77,76.08,0.271,Occupied,0
2024-01-16 15:00:00,15,1,0,22.25,39.31,0.114,24.36,0.103,Normal,0
2024-01-16 16:00:00,16,1,0,23.47,47.77,0.105,25.53,0.118,Normal,0
2024-01-16 17:00:00,17,1,0,23.49,47.1,0.113,37.95,0.115,Normal,0
2024-01-16 18:00:00,18,1,0,23.33,47.89,0.06,43.35,0.062,Normal,0
2024-01-16 19:00:00,19,1,0,52.74,17.44,0.27,50.11,0.434,Fire_Risk,1
2024-01-16 20:00:00,20,1,0,23.25,56.68,0.184,27.89,0.133,Normal,0
2024-01-16 21:00:00,21,1,1,20.83,51.69,0.033,31.17,0.003,Normal,0
2024-01-16 22:00:00,22,1,1,23.47,45.19,0.085,31.48,0.14,Normal,0
2024-01-16 23:00:00,23,1,1,20.53,50.01,0.138,25.3,0.041,Normal,0
2024-01-17 00:00:00,0,2,1,22.14,61.21,0.197,24.47,0.072,Normal,0
2024-01-17 01:00:00,1,2,1,22.34,57.39,0.127,43.59,0.128,Normal,0
2024-01-17 02:00:00,2,2,1,26.38,66.4,0.583,53.87,0.258,Occupied,0
2024-01-17 03:00:00,3,2,1,24.72,56.06,0.922,68.74,0.268,Occupied,0
2024-01-17 04:00:00,4,2,1,22.75,40.63,0.017,29.01,0.105,Normal,0
2024-01-17 05:00:00,5,2,1,22.61,52.03,0.036,43.67,0.041,Normal,0
2024-01-17 06:00:00,6,2,1,21.9,50.02,0.18,37.27,0.071,Normal,0
2024-01-17 07:00:00,7,2,0,38.08,34.71,0.221,42.55,0.339,Fire_Risk,1
2024-01-17 08:00:00,8,2,0,23.17,41.76,0.19,36.52,0.048,Normal,0
2024-01-17 09:00:00,9,2,0,22.59,55.35,0.158,33.4,0.1,Normal,0
2024-01-17 10:00:00,10,2,0,21.02,40.33,0.163,42.59,0.067,Normal,0
2024-01-17 11:00:00,11,2,0,24.15,44.54,0.059,42.0,0.142,Normal,0
2024-01-17 12:00:00,12,2,0,22.73,44.28,0.134,45.01,0.003,Normal,0
2024-01-17 13:00:00,13,2,0,25.57,63.73,0.422,64.82,0.16,Occupied,0
2024-01-17 14:00:00,14,2,0,56.41,13.78,0.01,38.36,0.273,Fire_Risk,1
2024-01-17 15:00:00,15,2,0,21.98,42.18,0.17,34.39,0.127,Normal,0
2024-01-17 16:00:00,16,2,0,24.39,51.09,0.002,24.25,0.15,Normal,0
2024-01-17 17:00:00,17,2,0,21.64,55.62,0.0,37.44,0.001,Normal,0
2024-01-17 18:00:00,18,2,0,24.45,55.53,0.9,61.9,0.683,Intrusion,1
2024-01-17 19:00:00,19,2,0,20.83,45.15,0.158,44.81,0.048,Normal,0
2024-01-17 20:00:00,20,2,0,24.95,57.82,0.856,63.71,0.149,Occupied,0
2024-01-17 21:00:00,21,2,1,23.12,64.84,0.432,75.83,0.328,Occupied,0
2024-01-17 22:00:00,22,2,1,20.63,46.3,0.052,31.95,0.003,Normal,0
2024-01-17 23:00:00,23,2,1,25.09,56.61,0.875,68.1,0.266,Occupied,0
2024-01-18 00:00:00,0,3,1,35.06,59.7,0.069,82.48,0.623,Equipment_Fault,1
2024-01-18 01:00:00,1,3,1,19.75,54.35,0.173,39.17,0.003,Normal,0
2024-01-18 02:00:00,2,3,1,20.62,58.94,0.166,32.96,0.066,Normal,0
2024-01-18 03:00:00,3,3,1,22.22,59.89,0.026,44.24,0.007,Normal,0
2024-01-18 04:00:00,4,3,1,20.44,57.54,0.025,31.98,0.098,Normal,0
2024-01-18 05:00:00,5,3,1,22.63,43.87,0.022,30.54,0.067,Normal,0
2024-01-18 06:00:00,6,3,1,29.0,49.78,0.034,79.02,0.637,Equipment_Fault,1
2024-01-18 07:00:00,7,3,0,47.57,17.67,0.248,59.57,0.315,Fire_Risk,1
2024-01-18 08:00:00,8,3,0,23.78,52.71,0.171,23.24,0.135,Normal,0
2024-01-18 09:00:00,9,3,0,23.11,57.22,0.536,72.25,0.194,Occupied,0
2024-01-18 10:00:00,10,3,0,21.15,54.85,0.17,28.32,0.019,Normal,0
2024-01-18 11:00:00,11,3,0,20.53,45.38,0.191,33.01,0.071,Normal,0
2024-01-18 12:00:00,12,3,0,21.97,54.03,0.622,58.37,0.185,Occupied,0
2024-01-18 13:00:00,13,3,0,20.58,43.25,0.161,23.15,0.066,Normal,0
2024-01-18 14:00:00,14,3,0,21.75,43.51,0.085,34.71,0.012,Normal,0
2024-01-18 15:00:00,15,3,0,20.65,49.51,0.172,38.12,0.116,Normal,0
2024-01-18 16:00:00,16,3,0,26.03,51.54,0.869,70.96,0.211,Occupied,0
2024-01-18 17:00:00,17,3,0,25.84,67.25,0.704,68.0,0.318,Occupied,0
2024-01-18 18:00:00,18,3,0,22.86,52.99,0.758,72.16,0.366,Occupied,0
2024-01-18 19:00:00,19,3,0,21.43,44.06,0.933,63.48,0.714,Intrusion,1
2024-01-18 20:00:00,20,3,0,22.48,48.06,0.079,29.65,0.124,Normal,0
2024-01-18 21:00:00,21,3,1,24.0,52.26,0.636,64.98,0.222,Occupied,0
2024-01-18 22:00:00,22,3,1,22.39,56.16,0.033,37.03,0.082,Normal,0
2024-01-18 23:00:00,23,3,1,39.66,46.93,0.085,68.29,0.643,Equipment_Fault,1
2024-01-19 00:00:00,0,4,1,22.42,53.81,0.171,40.44,0.136,Normal,0
2024-01-19 01:00:00,1,4,1,23.82,50.02,0.976,75.52,0.212,Occupied,0
2024-01-19 02:00:00,2,4,1,21.92,60.08,0.133,28.96,0.075,Normal,0
2024-01-19 03:00:00,3,4,1,24.05,41.9,0.045,45.4,0.068,Normal,0
2024-01-19 04:00:00,4,4,1,23.19,43.86,0.028,39.66,0.12,Normal,0
2024-01-19 05:00:00,5,4,1,21.36,58.13,0.149,38.07,0.078,Normal,0
2024-01-19 06:00:00,6,4,1,33.37,60.26,0.073,66.61,0.798,Equipment_Fault,1
2024-01-19 07:00:00,7,4,0,24.0,46.62,0.194,31.95,0.031,Normal,0
2024-01-19 08:00:00,8,4,0,23.06,51.19,0.172,33.75,0.138,Normal,0
2024-01-19 09:00:00,9,4,0,23.73,44.31,0.054,43.0,0.067,Normal,0
2024-01-19 10:00:00,10,4,0,21.44,55.56,0.118,28.23,0.11,Normal,0
2024-01-19 11:00:00,11,4,0,25.37,51.42,0.751,66.19,0.316,Occupied,0
2024-01-19 12:00:00,12,4,0,33.84,49.98,0.072,71.17,0.804,Equipment_Fault,1
2024-01-19 13:00:00,13,4,0,23.23,53.41,0.069,26.35,0.089,Normal,0
2024-01-19 14:00:00,14,4,0,26.17,48.62,0.545,52.81,0.195,Occupied,0
2024-01-19 15:00:00,15,4,0,21.0,49.73,0.15,38.31,0.111,Normal,0
2024-01-19 16:00:00,16,4,0,23.28,40.55,0.829,65.42,0.577,Intrusion,1
2024-01-19 17:00:00,17,4,0,22.86,49.76,0.922,44.87,0.267,Occupied,0
2024-01-19 18:00:00,18,4,0,22.46,46.16,0.116,33.35,0.034,Normal,0
2024-01-19 19:00:00,19,4,0,34.12,43.87,0.033,66.31,0.903,Equipment_Fault,1
2024-01-19 20:00:00,20,4,0,25.17,61.15,0.634,70.58,0.358,Occupied,0
2024-01-19 21:00:00,21,4,1,20.81,60.4,0.124,38.1,0.086,Normal,0
2024-01-19 22:00:00,22,4,1,50.29,20.82,0.132,50.53,0.401,Fire_Risk,1
2024-01-19 23:00:00,23,4,1,20.04,42.0,0.088,25.41,0.016,Normal,0
2024-01-20 00:00:00,0,5,1,21.18,41.77,0.003,34.97,0.043,Normal,0
2024-01-20 01:00:00,1,5,1,22.49,57.55,0.109,28.0,0.099,Normal,0
2024-01-20 02:00:00,2,5,1,23.67,45.76,0.013,42.74,0.144,Normal,0
2024-01-20 03:00:00,3,5,1,20.57,52.51,0.164,34.61,0.032,Normal,0
2024-01-20 04:00:00,4,5,1,23.04,43.75,0.175,41.84,0.149,Normal,0
2024-01-20 05:00:00,5,5,1,23.69,57.58,0.034,31.89,0.007,Normal,0
2024-01-20 06:00:00,6,5,1,22.48,51.12,0.072,35.11,0.117,Normal,0
2024-01-20 07:00:00,7,5,0,20.19,47.52,0.195,32.82,0.114,Normal,0
2024-01-20 08:00:00,8,5,0,19.89,56.54,0.188,31.38,0.061,Normal,0
2024-01-20 09:00:00,9,5,0,21.34,55.48,0.139,44.5,0.035,Normal,0
2024-01-20 10:00:00,10,5,0,21.87,56.15,0.111,41.36,0.13,Normal,0
2024-01-20 11:00:00,11,5,0,22.64,42.57,0.161,24.65,0.142,Normal,0
2024-01-20 12:00:00,12,5,0,21.84,50.96,0.166,29.6,0.056,Normal,0
2024-01-20 13:00:00,13,5,0,20.21,55.25,0.0,29.53,0.066,Normal,0
2024-01-20 14:00:00,14,5,0,22.03,46.52,0.128,31.85,0.062,Normal,0
2024-01-20 15:00:00,15,5,0,20.49,48.53,0.151,40.24,0.088,Normal,0
2024-01-20 16:00:00,16,5,0,22.98,44.56,0.043,43.36,0.082,Normal,0
2024-01-20 17:00:00,17,5,0,25.47,56.13,0.961,62.53,0.122,Occupied,0
2024-01-20 18:00:00,18,5,0,23.91,65.56,0.425,66.13,0.257,Occupied,0
2024-01-20 19:00:00,19,5,0,22.0,47.79,0.083,38.42,0.127,Normal,0
2024-01-20 20:00:00,20,5,0,23.04,47.49,0.019,36.95,0.074,Normal,0
2024-01-20 21:00:00,21,5,1,22.32,46.69,0.089,36.82,0.047,Normal,0
2024-01-20 22:00:00,22,5,1,22.91,51.52,0.153,28.95,0.102,Normal,0
2024-01-20 23:00:00,23,5,1,25.74,63.2,0.681,59.51,0.353,Occupied,0
2024-01-21 00:00:00,0,6,1,23.67,41.14,0.156,41.21,0.047,Normal,0
2024-01-21 01:00:00,1,6,1,20.39,56.02,0.167,35.21,0.039,Normal,0
2024-01-21 02:00:00,2,6,1,22.84,38.55,0.076,41.33,0.043,Normal,0
2024-01-21 03:00:00,3,6,1,24.84,64.88,0.944,71.88,0.378,Occupied,0
2024-01-21 04:00:00,4,6,1,21.44,56.04,0.07,34.37,0.139,Normal,0
2024-01-21 05:00:00,5,6,1,22.24,48.04,0.167,27.63,0.103,Normal,0
2024-01-21 06:00:00,6,6,1,22.7,44.73,0.192,30.95,0.067,Normal,0
2024-01-21 07:00:00,7,6,0,22.89,47.22,0.077,33.77,0.107,Normal,0
2024-01-21 08:00:00,8,6,0,20.72,57.76,0.014,41.56,0.146,Normal,0
2024-01-21 09:00:00,9,6,0,23.26,60.42,0.907,51.35,0.24,Occupied,0
2024-01-21 10:00:00,10,6,0,20.11,38.88,0.106,35.75,0.013,Normal,0
2024-01-21 11:00:00,11,6,0,23.99,52.74,0.183,43.48,0.034,Normal,0
2024-01-21 12:00:00,12,6,0,22.57,51.99,0.199,30.22,0.057,Normal,0
2024-01-21 13:00:00,13,6,0,37.55,14.87,0.076,57.74,0.252,Fire_Risk,1
2024-01-21 14:00:00,14,6,0,27.16,62.97,0.766,54.76,0.288,Occupied,0
2024-01-21 15:00:00,15,6,0,20.19,58.08,0.194,34.83,0.097,Normal,0
2024-01-21 16:00:00,16,6,0,21.22,58.64,0.035,27.91,0.074,Normal,0
2024-01-21 17:00:00,17,6,0,23.67,53.4,0.108,28.65,0.023,Normal,0
2024-01-21 18:00:00,18,6,0,23.44,45.18,0.043,44.41,0.127,Normal,0
2024-01-21 19:00:00,19,6,0,22.22,55.73,0.136,33.62,0.041,Normal,0
2024-01-21 20:00:00,20,6,0,24.04,54.0,0.109,29.12,0.039,Normal,0
2024-01-21 21:00:00,21,6,1,21.9,52.82,0.014,37.59,0.138,Normal,0
2024-01-21 22:00:00,22,6,1,23.74,38.85,0.192,28.91,0.084,Normal,0
2024-01-21 23:00:00,23,6,1,22.98,60.19,0.159,44.61,0.002,Normal,0
2024-01-22 00:00:00,0,0,1,21.25,39.49,0.1,38.18,0.102,Normal,0
2024-01-22 01:00:00,1,0,1,22.27,56.23,0.036,29.22,0.046,Normal,0
2024-01-22 02:00:00,2,0,1,22.13,47.65,0.018,29.75,0.075,Normal,0
2024-01-22 03:00:00,3,0,1,23.38,50.05,0.786,88.35,0.358,Intrusion,1
2024-01-22 04:00:00,4,0,1,20.65,42.08,0.159,35.0,0.112,Normal,0
2024-01-22 05:00:00,5,0,1,22.09,53.93,0.175,27.43,0.055,Normal,0
2024-01-22 06:00:00,6,0,1,23.17,45.51,0.057,34.33,0.0,Normal,0
2024-01-22 07:00:00,7,0,0,23.67,54.92,0.101,39.06,0.103,Normal,0
2024-01-22 08:00:00,8,0,0,23.13,59.58,0.153,43.25,0.033,Normal,0
2024-01-22 09:00:00,9,0,0,49.89,14.98,0.217,53.18,0.42,Fire_Risk,1
2024-01-22 10:00:00,10,0,0,59.62,25.46,0.087,46.58,0.257,Fire_Risk,1
2024-01-22 11:00:00,11,0,0,20.69,45.23,0.184,34.67,0.142,Normal,0
2024-01-22 12:00:00,12,0,0,21.56,54.39,0.09,31.19,0.096,Normal,0
2024-01-22 13:00:00,13,0,0,24.24,67.84,0.509,58.18,0.209,Occupied,0
2024-01-22 14:00:00,14,0,0,26.53,46.17,0.468,52.07,0.129,Occupied,0
2024-01-22 15:00:00,15,0,0,24.7,59.83,0.669,55.92,0.326,Occupied,0
2024-01-22 16:00:00,16,0,0,23.89,51.12,0.096,25.99,0.106,Normal,0
2024-01-22 17:00:00,17,0,0,23.29,41.09,0.187,33.03,0.135,Normal,0
2024-01-22 18:00:00,18,0,0,24.84,64.91,0.887,68.29,0.143,Occupied,0
2024-01-22 19:00:00,19,0,0,25.25,52.37,0.911,64.65,0.181,Occupied,0
2024-01-22 20:00:00,20,0,0,23.56,52.67,0.856,61.79,0.772,Intrusion,1
2024-01-22 21:00:00,21,0,1,22.71,48.42,0.179,45.46,0.142,Normal,0
2024-01-22 22:00:00,22,0,1,22.76,47.32,0.028,26.93,0.126,Normal,0
2024-01-22 23:00:00,23,0,1,41.6,29.37,0.129,54.15,0.457,Fire_Risk,1
2024-01-23 00:00:00,0,1,1,21.73,58.82,0.032,24.03,0.047,Normal,0
2024-01-23 01:00:00,1,1,1,31.49,53.83,0.058,69.68,0.941,Equipment_Fault,1
2024-01-23 02:00:00,2,1,1,22.41,44.53,0.027,38.42,0.117,Normal,0
2024-01-23 03:00:00,3,1,1,24.1,57.62,0.724,62.92,0.207,Occupied,0
2024-01-23 04:00:00,4,1,1,26.06,51.14,0.715,52.14,0.318,Occupied,0
2024-01-23 05:00:00,5,1,1,25.4,43.24,0.118,38.59,0.146,Normal,0
2024-01-23 06:00:00,6,1,1,20.21,47.93,0.109,40.39,0.004,Normal,0
2024-01-23 07:00:00,7,1,0,22.46,47.85,0.112,34.35,0.126,Normal,0
2024-01-23 08:00:00,8,1,0,38.73,34.77,0.209,41.68,0.163,Fire_Risk,1
2024-01-23 09:00:00,9,1,0,21.72,53.13,0.83,56.69,0.375,Occupied,0
2024-01-23 10:00:00,10,1,0,22.91,60.88,0.756,68.77,0.322,Intrusion,1
2024-01-23 11:00:00,11,1,0,22.98,54.09,0.085,27.42,0.044,Normal,0
2024-01-23 12:00:00,12,1,0,21.38,66.81,0.64,66.01,0.132,Occupied,0
2024-01-23 13:00:00,13,1,0,21.45,51.22,0.144,33.79,0.109,Normal,0
2024-01-23 14:00:00,14,1,0,21.4,52.06,0.052,35.9,0.102,Normal,0
2024-01-23 15:00:00,15,1,0,25.13,58.09,0.92,59.55,0.166,Occupied,0
2024-01-23 16:00:00,16,1,0,20.24,46.26,0.174,45.41,0.13,Normal,0
2024-01-23 17:00:00,17,1,0,22.06,45.19,0.151,26.94,0.033,Normal,0
2024-01-23 18:00:00,18,1,0,20.77,54.61,0.803,73.36,0.544,Intrusion,1
2024-01-23 19:00:00,19,1,0,20.07,49.39,0.034,30.49,0.077,Normal,0
2024-01-23 20:00:00,20,1,0,22.57,53.79,0.13,44.66,0.086,Normal,0
2024-01-23 21:00:00,21,1,1,20.44,51.95,0.052,42.6,0.059,Normal,0
2024-01-23 22:00:00,22,1,1,22.85,51.37,0.057,35.38,0.072,Normal,0
2024-01-23 23:00:00,23,1,1,22.29,60.57,0.807,68.24,0.426,Intrusion,1
2024-01-24 00:00:00,0,2,1,23.15,60.94,0.873,62.46,0.339,Occupied,0
2024-01-24 01:00:00,1,2,1,23.31,49.13,0.092,25.02,0.027,Normal,0
2024-01-24 02:00:00,2,2,1,22.15,53.53,0.03,29.03,0.144,Normal,0
2024-01-24 03:00:00,3,2,1,31.41,62.35,0.063,79.08,0.657,Equipment_Fault,1
2024-01-24 04:00:00,4,2,1,23.49,49.04,0.11,39.17,0.055,Normal,0
2024-01-24 05:00:00,5,2,1,19.85,44.99,0.962,82.3,0.756,Intrusion,1
2024-01-24 06:00:00,6,2,1,22.48,48.46,0.068,35.74,0.114,Normal,0
2024-01-24 07:00:00,7,2,0,20.39,40.16,0.142,33.27,0.062,Normal,0
2024-01-24 08:00:00,8,2,0,23.15,54.97,0.153,25.0,0.133,Normal,0
2024-01-24 09:00:00,9,2,0,31.07,40.42,0.044,75.97,0.859,Equipment_Fault,1
2024-01-24 10:00:00,10,2,0,23.37,53.89,0.166,37.83,0.024,Normal,0
2024-01-24 11:00:00,11,2,0,22.8,54.0,0.198,38.06,0.056,Normal,0
2024-01-24 12:00:00,12,2,0,23.21,41.03,0.131,40.01,0.073,Normal,0
2024-01-24 13:00:00,13,2,0,25.01,68.67,0.455,70.91,0.391,Occupied,0
2024-01-24 14:00:00,14,2,0,22.26,49.96,0.683,55.04,0.385,Occupied,0
2024-01-24 15:00:00,15,2,0,22.43,59.19,0.01,27.83,0.075,Normal,0
2024-01-24 16:00:00,16,2,0,37.09,50.09,0.043,55.2,0.99,Equipment_Fault,1
2024-01-24 17:00:00,17,2,0,22.31,46.98,0.198,35.46,0.084,Normal,0
2024-01-24 18:00:00,18,2,0,23.06,45.92,0.157,35.42,0.135,Normal,0
2024-01-24 19:00:00,19,2,0,24.0,54.5,0.046,33.8,0.077,Normal,0
2024-01-24 20:00:00,20,2,0,47.03,31.08,0.122,54.22,0.262,Fire_Risk,1
2024-01-24 21:00:00,21,2,1,22.04,47.08,0.085,46.46,0.041,Normal,0
2024-01-24 22:00:00,22,2,1,21.39,58.87,0.073,39.73,0.023,Normal,0
2024-01-24 23:00:00,23,2,1,38.53,50.89,0.007,59.17,0.767,Equipment_Fault,1
2024-01-25 00:00:00,0,3,1,20.42,57.48,0.129,26.51,0.011,Normal,0
2024-01-25 01:00:00,1,3,1,22.3,58.29,0.139,31.12,0.043,Normal,0
2024-01-25 02:00:00,2,3,1,23.22,47.86,0.101,39.26,0.073,Normal,0
2024-01-25 03:00:00,3,3,1,20.66,59.51,0.128,28.94,0.108,Normal,0
2024-01-25 04:00:00,4,3,1,33.91,53.37,0.051,77.43,0.719,Equipment_Fault,1
2024-01-25 05:00:00,5,3,1,20.21,38.89,0.103,39.84,0.012,Normal,0
2024-01-25 06:00:00,6,3,1,57.9,25.45,0.074,41.95,0.463,Fire_Risk,1
2024-01-25 07:00:00,7,3,0,32.22,54.44,0.031,69.0,0.639,Equipment_Fault,1
2024-01-25 08:00:00,8,3,0,18.82,43.98,0.824,69.27,0.497,Intrusion,1
2024-01-25 09:00:00,9,3,0,24.1,52.08,0.635,73.81,0.133,Occupied,0
2024-01-25 10:00:00,10,3,0,21.16,49.92,0.167,27.57,0.084,Normal,0
2024-01-25 11:00:00,11,3,0,24.75,60.16,0.465,52.92,0.156,Occupied,0
2024-01-25 12:00:00,12,3,0,23.84,56.56,0.06,22.8,0.097,Normal,0
2024-01-25 13:00:00,13,3,0,22.87,47.28,0.068,27.4,0.023,Normal,0
2024-01-25 14:00:00,14,3,0,26.89,47.19,0.481,64.8,0.255,Occupied,0
2024-01-25 15:00:00,15,3,0,23.8,47.9,0.435,53.99,0.249,Occupied,0
2024-01-25 16:00:00,16,3,0,26.59,64.37,0.556,50.59,0.196,Occupied,0
2024-01-25 17:00:00,17,3,0,23.08,49.69,0.04,35.71,0.014,Normal,0
2024-01-25 18:00:00,18,3,0,22.6,42.89,0.088,28.69,0.143,Normal,0
2024-01-25 19:00:00,19,3,0,23.69,56.32,0.129,32.25,0.096,Normal,0
2024-01-25 20:00:00,20,3,0,21.23,43.37,0.197,35.96,0.013,Normal,0
2024-01-25 21:00:00,21,3,1,23.96,45.94,0.146,41.44,0.144,Normal,0
2024-01-25 22:00:00,22,3,1,18.92,58.83,0.881,84.29,0.423,Intrusion,1
2024-01-25 23:00:00,23,3,1,23.96,50.85,0.034,42.8,0.092,Normal,0
2024-01-26 00:00:00,0,4,1,23.89,46.96,0.084,25.51,0.12,Normal,0
2024-01-26 01:00:00,1,4,1,23.19,63.18,0.554,73.14,0.132,Occupied,0
2024-01-26 02:00:00,2,4,1,20.14,42.83,0.111,34.01,0.132,Normal,0
2024-01-26 03:00:00,3,4,1,54.69,34.82,0.261,48.7,0.116,Fire_Risk,1
2024-01-26 04:00:00,4,4,1,22.77,44.02,0.081,44.05,0.056,Normal,0
2024-01-26 05:00:00,5,4,1,23.75,50.69,0.16,23.51,0.099,Normal,0
2024-01-26 06:00:00,6,4,1,21.37,57.62,0.004,32.73,0.043,Normal,0
2024-01-26 07:00:00,7,4,0,38.37,17.96,0.122,54.55,0.261,Fire_Risk,1
2024-01-26 08:00:00,8,4,0,21.25,51.22,0.12,39.73,0.069,Normal,0
2024-01-26 09:00:00,9,4,0,19.23,47.03,0.143,33.34,0.119,Normal,0
2024-01-26 10:00:00,10,4,0,20.25,56.09,0.11,20.97,0.137,Normal,0
2024-01-26 11:00:00,11,4,0,24.3,52.37,0.803,68.64,0.158,Occupied,0
2024-01-26 12:00:00,12,4,0,47.78,21.52,0.254,52.27,0.23,Fire_Risk,1
2024-01-26 13:00:00,13,4,0,24.99,60.29,0.429,65.28,0.268,Occupied,0
2024-01-26 14:00:00,14,4,0,21.67,50.12,0.103,31.87,0.046,Normal,0
2024-01-26 15:00:00,15,4,0,23.08,67.22,0.894,62.48,0.169,Occupied,0
2024-01-26 16:00:00,16,4,0,25.97,55.46,0.588,61.35,0.242,Occupied,0
2024-01-26 17:00:00,17,4,0,21.42,45.57,0.028,26.85,0.115,Normal,0
2024-01-26 18:00:00,18,4,0,20.6,48.12,0.037,41.04,0.139,Normal,0
2024-01-26 19:00:00,19,4,0,26.1,44.12,0.752,72.28,0.101,Occupied,0
2024-01-26 20:00:00,20,4,0,21.32,51.46,0.128,29.68,0.133,Normal,0
2024-01-26 21:00:00,21,4,1,20.32,48.65,0.142,32.42,0.076,Normal,0
2024-01-26 22:00:00,22,4,1,36.65,21.48,0.031,58.4,0.47,Fire_Risk,1
2024-01-26 23:00:00,23,4,1,24.11,55.61,0.125,45.44,0.09,Normal,0
2024-01-27 00:00:00,0,5,1,23.17,45.68,0.039,39.81,0.009,Normal,0
2024-01-27 01:00:00,1,5,1,23.87,49.08,0.147,44.71,0.043,Normal,0
2024-01-27 02:00:00,2,5,1,21.27,47.77,0.097,31.49,0.149,Normal,0
2024-01-27 03:00:00,3,5,1,38.16,49.04,0.077,60.14,0.653,Equipment_Fault,1
2024-01-27 04:00:00,4,5,1,22.75,50.54,0.794,54.28,0.105,Occupied,0
2024-01-27 05:00:00,5,5,1,23.71,42.33,0.109,37.36,0.092,Normal,0
2024-01-27 06:00:00,6,5,1,21.07,52.84,0.804,87.95,0.629,Intrusion,1
2024-01-27 07:00:00,7,5,0,21.51,58.84,0.724,71.45,0.579,Intrusion,1
2024-01-27 08:00:00,8,5,0,26.66,54.41,0.698,53.19,0.264,Occupied,0
2024-01-27 09:00:00,9,5,0,25.52,51.16,0.658,52.72,0.135,Occupied,0
2024-01-27 10:00:00,10,5,0,21.65,67.19,0.928,58.91,0.273,Occupied,0
2024-01-27 11:00:00,11,5,0,25.96,47.9,0.678,68.94,0.208,Occupied,0
2024-01-27 12:00:00,12,5,0,20.37,41.39,0.04,48.65,0.069,Normal,0
2024-01-27 13:00:00,13,5,0,26.98,48.09,0.484,68.59,0.143,Occupied,0
2024-01-27 14:00:00,14,5,0,22.82,56.06,0.075,31.72,0.082,Normal,0
2024-01-27 15:00:00,15,5,0,23.06,54.13,0.173,31.0,0.109,Normal,0
2024-01-27 16:00:00,16,5,0,21.24,45.33,0.053,30.81,0.003,Normal,0
2024-01-27 17:00:00,17,5,0,20.71,41.15,0.05,40.27,0.093,Normal,0
2024-01-27 18:00:00,18,5,0,24.92,66.8,0.754,47.41,0.285,Occupied,0
2024-01-27 19:00:00,19,5,0,21.74,42.73,0.17,29.68,0.134,Normal,0
2024-01-27 20:00:00,20,5,0,22.72,44.04,0.117,32.09,0.031,Normal,0
2024-01-27 21:00:00,21,5,1,24.18,60.0,0.723,56.62,0.131,Occupied,0
2024-01-27 22:00:00,22,5,1,22.15,40.06,0.004,26.82,0.029,Normal,0
2024-01-27 23:00:00,23,5,1,20.73,46.84,0.063,33.55,0.127,Normal,0
2024-01-28 00:00:00,0,6,1,23.22,42.42,0.116,38.49,0.134,Normal,0
2024-01-28 01:00:00,1,6,1,24.91,58.68,0.699,69.49,0.324,Occupied,0
2024-01-28 02:00:00,2,6,1,20.58,46.98,0.117,46.4,0.072,Normal,0
2024-01-28 03:00:00,3,6,1,20.06,58.6,0.104,34.98,0.033,Normal,0
2024-01-28 04:00:00,4,6,1,21.75,55.3,0.093,41.98,0.014,Normal,0
2024-01-28 05:00:00,5,6,1,20.38,38.16,0.14,29.21,0.064,Normal,0
2024-01-28 06:00:00,6,6,1,23.32,50.28,0.114,33.06,0.047,Normal,0
2024-01-28 07:00:00,7,6,0,22.63,59.5,0.163,36.82,0.037,Normal,0
2024-01-28 08:00:00,8,6,0,27.71,49.55,0.524,56.97,0.381,Occupied,0
2024-01-28 09:00:00,9,6,0,21.77,48.83,0.105,28.37,0.025,Normal,0
2024-01-28 10:00:00,10,6,0,38.05,19.61,0.209,47.73,0.308,Fire_Risk,1
2024-01-28 11:00:00,11,6,0,21.21,43.41,0.177,35.16,0.088,Normal,0
2024-01-28 12:00:00,12,6,0,22.55,53.72,0.101,42.21,0.019,Normal,0
2024-01-28 13:00:00,13,6,0,20.87,51.3,0.101,30.78,0.079,Normal,0
2024-01-28 14:00:00,14,6,0,20.0,54.98,0.027,24.95,0.124,Normal,0
2024-01-28 15:00:00,15,6,0,25.82,57.78,0.815,68.49,0.345,Occupied,0
2024-01-28 16:00:00,16,6,0,21.14,43.59,0.155,41.92,0.083,Normal,0
2024-01-28 17:00:00,17,6,0,21.76,59.94,0.68,74.63,0.196,Occupied,0
2024-01-28 18:00:00,18,6,0,21.42,45.39,0.168,28.35,0.108,Normal,0
2024-01-28 19:00:00,19,6,0,21.35,53.23,0.08,35.42,0.036,Normal,0
2024-01-28 20:00:00,20,6,0,22.89,69.37,0.628,75.4,0.37,Occupied,0
2024-01-28 21:00:00,21,6,1,20.54,59.68,0.053,35.64,0.012,Normal,0
2024-01-28 22:00:00,22,6,1,24.24,49.96,0.121,37.45,0.072,Normal,0
2024-01-28 23:00:00,23,6,1,21.27,55.16,0.054,40.38,0.143,Normal,0
2024-01-29 00:00:00,0,0,1,49.06,18.68,0.095,49.72,0.145,Fire_Risk,1
2024-01-29 01:00:00,1,0,1,21.05,46.82,0.183,28.7,0.074,Normal,0
2024-01-29 02:00:00,2,0,1,23.41,58.62,0.175,38.59,0.098,Normal,0
2024-01-29 03:00:00,3,0,1,25.49,47.43,0.548,72.89,0.331,Occupied,0
2024-01-29 04:00:00,4,0,1,22.34,47.94,0.544,53.77,0.245,Occupied,0
2024-01-29 05:00:00,5,0,1,24.21,52.05,0.094,26.7,0.051,Normal,0
2024-01-29 06:00:00,6,0,1,38.74,57.43,0.071,69.57,0.815,Equipment_Fault,1
2024-01-29 07:00:00,7,0,0,20.41,47.25,0.079,28.56,0.077,Normal,0
2024-01-29 08:00:00,8,0,0,24.64,51.57,0.774,58.84,0.109,Occupied,0
2024-01-29 09:00:00,9,0,0,22.76,51.93,0.191,42.8,0.124,Normal,0
2024-01-29 10:00:00,10,0,0,24.01,54.66,0.519,72.99,0.305,Occupied,0
2024-01-29 11:00:00,11,0,0,23.07,44.2,0.155,30.38,0.126,Normal,0
2024-01-29 12:00:00,12,0,0,24.94,61.94,0.79,66.07,0.371,Occupied,0
2024-01-29 13:00:00,13,0,0,24.53,65.07,0.818,75.57,0.393,Occupied,0
2024-01-29 14:00:00,14,0,0,26.44,47.95,0.99,58.86,0.189,Occupied,0
2024-01-29 15:00:00,15,0,0,22.38,49.08,0.611,53.52,0.388,Occupied,0
2024-01-29 16:00:00,16,0,0,25.56,49.79,0.985,59.72,0.253,Occupied,0
2024-01-29 17:00:00,17,0,0,21.32,41.16,0.126,37.78,0.051,Normal,0
2024-01-29 18:00:00,18,0,0,21.96,68.86,0.436,59.86,0.16,Occupied,0
2024-01-29 19:00:00,19,0,0,23.57,43.93,0.904,61.93,0.236,Occupied,0
2024-01-29 20:00:00,20,0,0,25.82,55.52,0.906,57.68,0.322,Occupied,0
2024-01-29 21:00:00,21,0,1,23.35,40.95,0.184,35.01,0.005,Normal,0
2024-01-29 22:00:00,22,0,1,33.15,50.71,0.045,78.61,0.877,Equipment_Fault,1
2024-01-29 23:00:00,23,0,1,23.1,40.94,0.199,27.59,0.025,Normal,0
2024-01-30 00:00:00,0,1,1,22.43,60.45,0.049,30.37,0.087,Normal,0
2024-01-30 01:00:00,1,1,1,21.38,47.11,0.155,29.05,0.139,Normal,0
2024-01-30 02:00:00,2,1,1,49.3,27.06,0.224,51.22,0.397,Fire_Risk,1
2024-01-30 03:00:00,3,1,1,21.73,47.66,0.163,39.1,0.033,Normal,0
2024-01-30 04:00:00,4,1,1,21.41,57.84,0.163,39.55,0.134,Normal,0
2024-01-30 05:00:00,5,1,1,25.68,66.36,0.682,74.62,0.179,Occupied,0
2024-01-30 06:00:00,6,1,1,35.62,12.74,0.038,44.13,0.143,Fire_Risk,1
2024-01-30 07:00:00,7,1,0,36.62,47.4,0.027,62.96,0.791,Equipment_Fault,1
2024-01-30 08:00:00,8,1,0,20.59,50.54,0.161,36.96,0.123,Normal,0
2024-01-30 09:00:00,9,1,0,23.37,59.42,0.1,31.36,0.064,Normal,0
2024-01-30 10:00:00,10,1,0,23.65,52.84,0.975,68.36,0.297,Occupied,0
2024-01-30 11:00:00,11,1,0,26.27,44.77,0.988,55.52,0.375,Occupied,0
2024-01-30 12:00:00,12,1,0,22.36,58.79,0.047,41.47,0.035,Normal,0
2024-01-30 13:00:00,13,1,0,21.19,43.36,0.037,26.93,0.03,Normal,0
2024-01-30 14:00:00,14,1,0,25.31,68.33,0.695,59.12,0.181,Occupied,0
2024-01-30 15:00:00,15,1,0,24.68,61.53,0.63,66.73,0.281,Occupied,0
2024-01-30 16:00:00,16,1,0,21.1,70.48,0.645,59.9,0.358,Occupied,0
2024-01-30 17:00:00,17,1,0,22.8,49.57,0.006,35.54,0.018,Normal,0
2024-01-30 18:00:00,18,1,0,20.89,50.48,0.03,43.62,0.07,Normal,0
2024-01-30 19:00:00,19,1,0,23.67,50.91,0.099,36.38,0.016,Normal,0
2024-01-30 20:00:00,20,1,0,23.05,42.68,0.02,37.15,0.023,Normal,0
2024-01-30 21:00:00,21,1,1,23.07,56.28,0.146,39.26,0.123,Normal,0
2024-01-30 22:00:00,22,1,1,22.82,56.46,0.024,35.85,0.09,Normal,0
2024-01-30 23:00:00,23,1,1,21.18,60.37,0.124,38.4,0.086,Normal,0
